,Zip Code,Total Population,Population Density (per sq. mile),Male,Female,White Alone,Black or African American Alone,American Indian and Alaska Native Alone,Asian Alone,Native Hawaiian and Other Pacific Islander Alone,Some Other Race Alone,Two or More races,Average Household Size,High school or more,Bachelor's degree or more,Master's degree or more,Civilian Population In Labor Force 16 Years And Over,Employed,Unemployed,Total Employed Civilian Population 16 Years And Over,"Agriculture, forestry, fishing and hunting, and mining",Construction,Manufacturing,Wholesale trade,Retail trade,"Transportation and warehousing, and utilities",Information,"Finance and insurance, and real estate and rental and leasing","Professional, scientific, and management, and administrative and waste management services","Educational services, and health care and social assistance","Arts, entertainment, and recreation, and accommodation and food services","Other services, except public administration",Public administration,Median household income,Average Household Income,Per Capita Income,Gini Index Of Income Inequality,Occupied Housing Units,Owner Occupied,Renter Occupied,Median House Value For All Owner-Occupied Housing Units,Median Gross Rent,Average Gross Rent,Workers 16 Years and over,"Car, truck, or van",Drove Alone,Carpooled,Public transportation (Includes Taxicab),Motorcycle,Bicycle,Walked,Other means,Worked at home,Less than 10 minutes,10 to 19 minutes,20 to 29 minutes,30 to 39 minutes,40 to 59 minutes,60 to 89 minutes,90 or More minutes,Worked at home,Average Commute to Work (in min),Total Population,Native Born,Foreign Born,Naturalized Citizen,Not a Citizen
2558,10001,21966,35349.6,10732,11234,13943,2363,58,3854,0,670,1078,1.87,14585,11003,5043,14342,13037,1305,13037,11,215,543,242,1054,136,1020,2601,2768,1974,1494,667,312,81671.0,157557.0,82166.0,0.6121,11024,3007,8017,650200.0,1830.0,1888.8112760384197,12833,745,589,156,6095,0,327,4534,200,932,949,3494,3274,2215,1044,691,234,932,25.0,21966,16003,5963,2679,3284
2559,10002,82191,93461.17,39802,42389,25545,6057,176,36525,15,10758,3115,2.48,39943,18278,5309,39978,35330,4648,35330,0,781,1820,1005,3397,1375,1912,3656,5467,7029,6416,1737,735,33218.0,60346.0,26227.0,0.5622,32467,4361,28106,535600.0,848.0,1031.01117199175,34765,3772,2256,1516,19163,36,906,9144,252,1492,1534,6698,6858,9056,4899,3432,796,1492,31.0,82191,46960,35231,20088,15143
2560,10003,57310,99418.49,27442,29868,44470,2361,164,7705,12,892,1706,1.75,39857,32241,14444,36793,34309,2484,34309,31,422,940,959,2348,380,3479,6539,8396,5938,3041,1269,567,92540.0,146769.0,74189.0,0.5483,27505,8358,19147,817700.0,1855.0,1918.5721000679,33825,1770,1480,290,20448,32,828,7725,339,2683,2283,7265,10587,6547,2649,1316,495,2683,26.0,57310,46229,11081,5081,6000
2561,10004,2807,5014.745,1469,1338,2241,100,0,386,0,20,60,1.94,2048,1637,768,2203,1999,204,1999,0,47,80,17,277,34,131,561,534,185,76,18,39,129313.0,206142.0,108786.0,0.4942,1430,361,1069,894200.0,2001.0,2605.7998129092603,1966,142,121,21,1055,0,0,615,10,144,69,627,556,372,117,44,37,144,25.0,2807,2121,686,338,348
2562,10005,6822,92791.04,3463,3359,5077,104,2,1441,0,85,113,1.83,5280,4794,2209,5584,5364,220,5364,0,31,221,83,374,52,297,1595,1418,639,349,132,173,124670.0,178458.0,102849.0,0.4846,3725,560,3165,1000001.0,2001.0,2901.26382306477,5296,142,142,0,3763,0,0,1167,32,192,596,935,1415,1505,494,104,55,192,25.0,6822,4882,1940,467,1473
2563,10006,2507,27306.71,1137,1370,1759,99,0,474,0,33,142,1.56,1980,1631,817,2201,2016,185,2016,0,13,31,52,104,0,92,671,402,215,250,78,108,119274.0,149520.0,101271.0,0.4615,1598,168,1430,714300.0,2001.0,2578.1818181818203,2007,46,46,0,1234,0,17,618,0,92,301,494,479,519,122,0,0,92,21.0,2507,1925,582,225,357
2564,10007,6525,39918.16,3661,2864,4576,413,0,1027,0,158,351,2.17,4682,3842,2075,3884,3699,185,3699,0,46,136,180,137,0,109,1353,1026,385,199,92,36,216037.0,385881.0,157713.0,0.5071,2595,895,1700,1000001.0,2001.0,3134.29411764706,3657,274,246,28,2491,0,0,570,51,271,109,989,1037,905,187,109,50,271,25.0,6525,4760,1765,451,1314
2565,10009,62810,101865.2,28842,33968,37540,4496,119,9590,179,8830,2056,2.1,39942,27493,10246,37421,34747,2674,34747,0,475,1120,959,2629,932,2984,4069,6781,7266,4870,1360,1302,59929.0,85508.0,43893.0,0.5238,29565,2326,27239,672800.0,1436.0,1572.9248503983301,34224,2347,1859,488,19925,90,1775,8166,174,1747,1334,6138,7049,9248,5723,2060,925,1747,31.0,62810,47420,15390,8145,7245
2566,10010,30670,78507.05,14327,16343,21820,1820,65,4592,0,880,1493,1.75,22620,17263,7929,19386,17809,1577,17809,14,173,303,372,1264,169,1574,4156,4406,2768,1405,580,625,97955.0,145088.0,79491.0,0.5316,16004,4006,11998,746200.0,2001.0,2146.23270545091,17438,1381,1018,363,9934,23,263,4451,23,1363,866,3483,4789,4284,1713,660,280,1363,27.0,30670,23603,7067,3592,3475
2567,10011,52167,79233.23,26039,26128,40683,2150,357,5078,0,1634,2265,1.7,41210,33284,15895,36650,34306,2344,34306,16,482,1075,667,3472,336,3476,5676,8703,4988,3274,1282,859,104238.0,191483.0,110631.0,0.5801,29457,10227,19230,914500.0,1911.0,1877.28549141966,33925,1923,1705,218,20061,47,829,8611,304,2150,2162,10550,9528,5478,2350,929,778,2150,24.0,52167,41660,10507,5408,5099
2568,10012,26145,80873.23,13691,12454,19691,590,0,4339,46,700,779,1.89,19180,15547,6904,18083,17158,925,17158,14,356,478,290,1349,147,1201,2937,3836,3780,2045,462,263,86594.0,136376.0,72914.0,0.5297,13128,2296,10832,1000001.0,1843.0,1843.5745937961603,16916,961,866,95,9572,74,206,4842,126,1135,1852,4011,4813,3130,1037,480,458,1135,24.0,26145,19087,7058,3391,3667
2569,10013,26065,47193.77,12862,13203,14628,940,52,8917,13,386,1129,2.14,15159,11563,5279,14468,13592,876,13592,16,374,448,317,986,256,882,3149,2867,2335,1184,574,204,83725.0,207336.0,90699.0,0.6524,11048,3155,7893,1000001.0,1388.0,1714.3418218674801,13311,863,652,211,7470,16,171,3591,167,1033,875,3214,3167,3072,1030,625,295,1033,27.0,26065,17790,8275,4693,3582
2570,10014,30597,53727.76,15172,15425,26891,637,102,1894,0,349,724,1.63,25700,21407,9046,22504,20912,1592,20912,54,150,528,494,1549,128,2300,4648,5767,2501,1882,628,283,108483.0,170749.0,106068.0,0.5213,18383,5104,13279,947300.0,2001.0,2144.00933805256,20577,1041,739,302,12144,49,419,4947,65,1912,1258,5242,6271,3910,1326,357,301,1912,24.0,30597,25285,5312,2277,3035
2571,10016,51196,96201.5,23097,28099,38341,1685,123,7960,0,1890,1197,1.78,38558,31675,14180,35988,34036,1952,34036,0,261,1397,1063,2148,351,2770,7861,8092,5171,2806,1101,1015,105324.0,155106.0,87986.0,0.5124,27892,8111,19781,759600.0,2001.0,2207.7397502654103,33579,1653,1351,302,15681,52,265,13728,247,1953,2736,7689,9783,6194,3027,1652,545,1953,26.0,51196,39431,11765,5301,6464
2572,10017,16129,50381.49,7469,8660,12359,385,0,2961,7,111,306,1.61,13056,10791,4990,12258,11742,516,11742,0,93,350,352,995,80,921,3008,2930,1123,858,358,674,100652.0,157022.0,101239.0,0.5157,9908,3326,6582,637100.0,2001.0,2165.67912488605,11633,483,326,157,4613,17,97,5741,63,619,1093,3525,2743,2108,821,497,227,619,24.0,16129,11498,4631,1920,2711
2573,10018,7021,21819.63,3650,3371,4125,465,62,1792,0,397,180,1.9,5034,3776,1649,5309,5029,280,5029,0,68,259,204,504,83,277,1247,1183,608,377,125,94,104635.0,139890.0,75598.0,0.4921,3537,373,3164,1000001.0,2001.0,2234.73451327434,4990,231,176,55,2624,0,38,1829,29,239,395,1066,1103,1179,448,397,163,239,29.0,7021,4331,2690,768,1922
2574,10019,38394,56459.61,18818,19576,27881,2525,172,5145,13,1647,1011,1.62,30375,23104,10976,26383,24599,1784,24599,34,200,1335,420,1441,545,1947,4803,5434,4415,2782,733,510,84424.0,135287.0,84966.0,0.5531,23420,4547,18873,808600.0,1984.0,1970.7147777247897,24358,1546,1358,188,11572,8,240,9197,408,1387,2422,6354,5832,4642,2523,711,487,1387,25.0,38394,26597,11797,5873,5924
2575,10020,0,0.0,0,0,0,0,0,0,0,0,0,,0,0,0,0,0,0,0,0,0,0,0,0,0,0,0,0,0,0,0,0,,,,,0,0,0,,,,0,0,0,0,0,0,0,0,0,0,0,0,0,0,0,0,0,0,,0,0,0,0,0
2576,10021,40862,105558.0,17521,23341,36163,786,17,3046,64,225,561,1.74,33026,27156,14235,24744,23606,1138,23606,13,105,576,436,1815,215,1467,5745,5400,5000,1987,453,394,107907.0,208018.0,120077.0,0.589,23175,9141,14034,1000001.0,1859.0,1892.75331338179,23252,2453,1973,480,12995,37,74,5454,133,2106,1996,4191,4326,5798,3614,881,340,2106,28.0,40862,32798,8064,4373,3691
2577,10022,29618,67873.23,13007,16611,25263,614,6,2902,0,420,413,1.65,24603,20191,9356,19576,18300,1276,18300,0,180,498,454,1150,271,1231,4770,4886,2718,958,716,468,109019.0,214340.0,129778.0,0.5847,17647,8120,9527,866100.0,2001.0,2146.17403169938,18070,2251,1928,323,7966,0,14,6341,87,1411,1164,5082,3852,3781,1725,706,349,1411,26.0,29618,23344,6274,3126,3148
2578,10023,61315,125003.2,28947,32368,50678,2094,87,6303,24,624,1505,1.82,47520,39044,22570,37175,34923,2252,34923,64,211,985,797,1804,401,3337,7816,7304,6898,3505,1186,615,103534.0,183328.0,99496.0,0.5743,32793,12356,20437,872500.0,1951.0,1962.35259578216,33926,2392,1835,557,22007,41,356,5651,329,3150,1114,5379,9383,9642,3233,1471,554,3150,28.0,61315,48380,12935,6342,6593
2579,10024,59164,68967.46,27166,31998,47916,4019,246,3561,0,817,2605,2.0,44589,36382,20398,35662,33683,1979,33683,62,452,863,713,1246,496,2660,6732,7952,7518,2420,1399,1170,109956.0,194423.0,97633.0,0.5711,29083,10456,18627,1000001.0,1905.0,1887.2335856552302,32942,2523,1993,530,23883,0,536,3157,326,2517,1183,4029,8411,10271,4392,1679,460,2517,30.0,59164,48282,10882,5452,5430
2580,10025,97390,129571.4,43572,53818,64006,14978,484,9085,7,5810,3020,2.11,65951,49761,28318,54534,49805,4729,49805,38,519,1142,654,2640,430,3255,6001,10305,16263,5142,2378,1038,68516.0,119877.0,55843.0,0.5748,43421,9920,33501,934600.0,1451.0,1572.8933464672698,48843,3396,2925,471,34230,185,583,6187,161,4101,2401,5925,10510,12726,9586,2880,714,4101,31.0,97390,72469,24921,12512,12409
2581,10026,37871,113954.1,17885,19986,8837,22800,11,1456,0,3834,933,2.57,20884,9933,4529,18437,16910,1527,16910,22,161,397,191,1449,1077,1050,1627,2364,4884,1927,900,861,43107.0,69653.0,28674.0,0.5473,14324,2876,11448,602400.0,914.0,1081.27183787561,16650,1412,1241,171,12365,23,175,1253,154,1268,280,1656,3246,4910,3619,1251,420,1268,34.0,37871,29108,8763,4063,4700
2582,10027,62617,71852.31,28142,34475,17822,26276,112,5661,52,10117,2577,2.42,32551,17596,9679,28258,26100,2158,26100,0,417,770,453,2546,1169,1104,1999,2647,9895,2646,1566,888,37872.0,67382.0,27349.0,0.579,22862,3202,19660,716100.0,950.0,1077.36012207528,25870,2113,1744,369,16538,36,135,4799,210,2039,2020,3918,3485,6730,4831,2240,607,2039,31.0,62617,46102,16515,7025,9490
2583,10028,44295,140990.3,19674,24621,39452,682,30,2830,74,366,861,1.82,34501,28777,14755,28607,27002,1605,27002,12,378,670,829,1510,193,1871,6537,6623,5193,1649,811,726,104638.0,193882.0,107679.0,0.5741,24232,7731,16501,1000001.0,1944.0,1992.2368341312601,26684,2695,2160,535,17359,0,29,4301,200,2100,1288,3434,5744,7233,5401,1096,388,2100,31.0,44295,36604,7691,4237,3454
2584,10029,77454,93874.63,36560,40894,27158,23492,158,6907,149,17407,2183,2.59,37688,15369,6324,36702,31970,4732,31970,38,866,999,617,3336,1325,949,3027,3661,9751,4623,1861,917,31888.0,61306.0,25270.0,0.5993,28738,1888,26850,787000.0,853.0,967.657355679702,31337,2592,2175,417,21646,16,748,4939,297,1099,1860,4305,5233,7870,7094,3140,736,1099,33.0,77454,56833,20621,8055,12566
2585,10030,28472,102070.2,13569,14903,4301,19279,156,996,0,1250,2490,2.41,14927,5595,2058,14461,12313,2148,12313,8,394,277,65,1567,958,405,670,1604,3341,1699,511,814,31925.0,53814.0,23992.0,0.557,11590,1449,10141,509000.0,823.0,868.5336751799631,11562,1187,733,454,8529,102,84,933,0,727,138,1262,1492,2860,2967,1655,461,727,39.0,28472,22026,6446,3073,3373
2586,10031,59092,90800.1,28360,30732,16260,20403,248,1148,46,11241,9746,2.83,29242,12286,5115,32038,28359,3679,28359,92,878,1202,409,2456,1048,1329,2060,3334,7865,5071,1578,1037,37655.0,57605.0,23322.0,0.53,20782,2309,18473,369800.0,1062.0,1088.05824717155,27641,2681,1850,831,21280,28,406,1333,158,1755,566,2082,3944,7555,7236,3239,1264,1755,39.0,59092,36015,23077,10081,12996
2587,10032,59374,90306.65,29080,30294,16931,13442,730,1764,0,22806,3701,2.98,26439,10924,3702,31004,26013,4991,26013,22,678,1072,446,3428,1269,868,1954,2345,6845,4608,1892,586,34568.0,49378.0,19005.0,0.4818,19548,1495,18053,334900.0,1035.0,1056.2842740818699,25175,3256,2393,863,16305,22,199,3437,249,1707,2041,2728,3599,5153,6134,2468,1345,1707,36.0,59374,31973,27401,12007,15394
2588,10033,58710,97114.56,29934,28776,24130,5294,138,1597,143,24951,2457,3.0,28551,12952,5539,33220,27967,5253,27967,16,945,1407,534,2973,1208,963,2486,2671,8285,4074,1823,582,41556.0,62146.0,23403.0,0.5077,19254,2202,17052,422100.0,1160.0,1190.8515130189999,26767,3405,1874,1531,17138,0,274,3921,245,1784,1403,3473,2826,4669,7895,3573,1144,1784,39.0,58710,29792,28918,14224,14694
2589,10034,41510,36854.17,21088,20422,15031,3790,190,819,164,19377,2139,2.77,20825,9340,3758,24000,20111,3889,20111,21,331,1209,464,2676,972,682,1265,1920,5283,3091,1688,509,41171.0,57322.0,22909.0,0.4665,14967,1341,13626,354700.0,1102.0,1079.7005724350502,19275,3524,2310,1214,12578,0,94,2054,75,950,1100,1760,1958,3255,5702,3449,1101,950,42.0,41510,21037,20473,8396,12077
2590,10035,33488,23984.61,16147,17341,7069,13173,160,1366,0,10456,1264,2.47,14201,5055,2005,13112,11405,1707,11405,21,332,208,172,1632,608,327,807,1226,3146,1890,637,399,24533.0,46384.0,19541.0,0.575,12391,972,11419,445900.0,666.0,856.4848060250459,11217,853,581,272,8863,0,49,973,60,419,490,1060,1591,3755,2580,1092,230,419,34.0,33488,25016,8472,2899,5573
2591,10036,23132,52182.9,13452,9680,15333,1846,84,3853,0,1213,803,1.61,18002,12736,5548,17363,15586,1777,15586,0,230,607,385,1243,181,1124,2890,3574,2320,2181,638,213,66599.0,106275.0,68213.0,0.5382,14066,1453,12613,810300.0,1770.0,1852.90573218108,15348,831,719,112,7027,0,265,5875,247,1103,1247,3502,3824,3251,1517,553,351,1103,26.0,23132,16336,6796,2567,4229
2592,10037,17377,65825.32,7015,10362,1459,13227,38,564,0,1099,990,2.01,10603,4253,1819,8089,7138,951,7138,0,61,160,73,601,363,299,687,901,2720,454,272,547,37341.0,49721.0,25535.0,0.4722,8455,681,7774,260200.0,953.0,959.956264471315,6922,791,661,130,4988,0,10,874,16,243,317,818,1054,1830,1748,617,295,243,36.0,17377,14609,2768,1364,1404
2593,10038,20082,67481.89,9312,10770,10072,1451,296,6568,0,1447,248,2.06,11784,8490,3617,12006,11362,644,11362,0,45,176,343,813,225,454,2566,2495,2321,1088,437,399,66074.0,121450.0,58768.0,0.599,9047,2075,6972,616300.0,1537.0,1754.08777969019,11062,344,313,31,6103,0,102,3942,35,536,1247,2945,2833,1928,1075,385,113,536,23.0,20082,13399,6683,3643,3040
2594,10039,26577,57392.18,12415,14162,3743,18027,224,351,0,3227,1005,2.52,12892,4428,1625,12936,10022,2914,10022,0,183,240,141,1043,800,471,802,1073,3151,861,867,390,33595.0,46309.0,19675.0,0.4971,10456,1414,9042,352300.0,802.0,807.1001990710021,9644,1460,1111,349,6988,0,72,640,77,407,204,1249,1816,1737,2357,1581,293,407,37.0,26577,20242,6335,2574,3761
2595,10040,44825,118931.3,20300,24525,17602,4135,69,1210,0,20172,1637,2.78,22377,10853,4344,24629,21257,3372,21257,20,656,1233,420,2423,818,749,1805,2463,5901,3027,1274,468,42721.0,60419.0,23593.0,0.4849,15580,1509,14071,317300.0,1127.0,1134.18378224718,20302,2864,1765,1099,14372,0,66,2043,137,820,593,2253,2169,3239,6784,3296,1148,820,42.0,44825,23087,21738,10369,11369
2596,10044,12346,51084.92,5966,6380,6845,2159,73,2372,0,314,583,2.29,8080,5267,3316,6175,5762,413,5762,0,156,163,139,460,103,93,600,898,2092,256,145,657,83066.0,109331.0,43053.0,0.4659,4519,502,4017,580400.0,1982.0,1971.3965646004501,5677,407,348,59,4364,0,17,415,298,176,194,376,753,1836,1603,616,123,176,38.0,12346,6713,5633,1846,3787
2597,10065,32797,84897.65,14184,18613,28316,885,31,2819,16,178,552,1.82,26556,21581,11104,21176,20092,1084,20092,0,260,678,661,1422,236,1159,4975,3856,4983,1140,499,223,115519.0,214580.0,119546.0,0.5694,17867,5474,12393,1000001.0,2001.0,2043.2179456144602,19839,1749,1470,279,8860,0,133,7322,52,1723,2353,4658,4501,3674,2040,716,174,1723,24.0,32797,25147,7650,3806,3844
2598,10069,5118,49130.69,2634,2484,3828,166,0,1013,0,48,63,1.79,4309,3756,1860,3556,3333,223,3333,0,71,106,101,126,26,129,1058,785,669,105,95,62,170630.0,219954.0,123349.0,0.4562,2854,727,2127,966600.0,2001.0,2623.97743300423,3275,439,298,141,2186,0,25,436,0,189,41,324,712,1044,879,86,0,189,32.0,5118,3684,1434,708,726
2599,10075,24849,134653.3,10280,14569,21989,360,65,1448,0,537,450,1.77,20281,16718,7825,15617,14721,896,14721,0,217,798,570,782,165,1139,3240,3210,2661,1367,240,332,102941.0,189081.0,106575.0,0.564,13735,6274,7461,805300.0,1868.0,1882.3482106956199,14385,1381,1048,333,9283,10,0,2403,72,1236,513,2352,2716,4091,2627,678,172,1236,31.0,24849,20157,4692,2487,2205
2600,10103,0,0.0,0,0,0,0,0,0,0,0,0,,0,0,0,0,0,0,0,0,0,0,0,0,0,0,0,0,0,0,0,0,,,,,0,0,0,,,,0,0,0,0,0,0,0,0,0,0,0,0,0,0,0,0,0,0,,0,0,0,0,0
2602,10111,0,0.0,0,0,0,0,0,0,0,0,0,,0,0,0,0,0,0,0,0,0,0,0,0,0,0,0,0,0,0,0,0,,,,,0,0,0,,,,0,0,0,0,0,0,0,0,0,0,0,0,0,0,0,0,0,0,,0,0,0,0,0
2604,10115,0,0.0,0,0,0,0,0,0,0,0,0,,0,0,0,0,0,0,0,0,0,0,0,0,0,0,0,0,0,0,0,0,,,,,0,0,0,,,,0,0,0,0,0,0,0,0,0,0,0,0,0,0,0,0,0,0,,0,0,0,0,0
2605,10119,0,0.0,0,0,0,0,0,0,0,0,0,,0,0,0,0,0,0,0,0,0,0,0,0,0,0,0,0,0,0,0,0,,,,,0,0,0,,,,0,0,0,0,0,0,0,0,0,0,0,0,0,0,0,0,0,0,,0,0,0,0,0
2606,10128,60121,127735.4,25724,34397,49632,2691,41,5800,6,733,1218,1.91,45206,36851,18110,37125,34969,2156,34969,0,520,998,986,1671,438,2289,7738,7894,8425,2072,1049,889,96296.0,167622.0,89300.0,0.5626,31345,9314,22031,1000001.0,1879.0,1903.1773410194698,34520,3210,2558,652,24158,99,202,4064,297,2490,772,3831,7527,9895,6989,2370,646,2490,33.0,60121,47743,12378,5789,6589
2608,10153,0,0.0,0,0,0,0,0,0,0,0,0,,0,0,0,0,0,0,0,0,0,0,0,0,0,0,0,0,0,0,0,0,,,,,0,0,0,,,,0,0,0,0,0,0,0,0,0,0,0,0,0,0,0,0,0,0,,0,0,0,0,0
2610,10162,1327,116735.1,726,601,1213,0,0,95,0,0,19,1.9,929,867,303,732,689,43,689,0,51,64,28,15,0,30,134,162,164,0,0,41,168667.0,200459.0,106304.0,0.4081,700,0,700,,2001.0,2460.0,689,66,66,0,552,0,0,71,0,0,16,106,248,189,130,0,0,0,26.0,1327,980,347,89,258
2620,10177,0,0.0,0,0,0,0,0,0,0,0,0,,0,0,0,0,0,0,0,0,0,0,0,0,0,0,0,0,0,0,0,0,,,,,0,0,0,,,,0,0,0,0,0,0,0,0,0,0,0,0,0,0,0,0,0,0,,0,0,0,0,0
2625,10280,8685,62718.66,4233,4452,6045,75,0,2002,0,193,370,2.07,6536,5313,2495,5803,5485,318,5485,0,48,110,69,338,31,428,1434,1594,939,231,48,215,129574.0,167316.0,82005.0,0.4223,4190,1067,3123,685700.0,2001.0,2557.66890810118,5457,476,419,57,2914,0,33,1756,20,258,778,885,881,1333,784,407,131,258,29.0,8685,6018,2667,1217,1450
2626,10282,6217,71065.84,3489,2728,4259,47,20,761,0,774,356,2.42,4014,3531,1993,3273,3216,57,3216,0,0,76,77,122,42,147,1408,812,319,178,35,0,230952.0,293120.0,121627.0,0.4406,2574,179,2395,1000001.0,2001.0,2712.0250521920702,3118,280,217,63,1876,0,31,778,42,111,256,610,687,774,535,102,43,111,28.0,6217,4206,2011,536,1475
2627,10301,38885,10627.23,19500,19385,23551,9375,129,2073,0,2502,1255,2.52,20749,8179,3569,17903,16309,1594,16309,32,1087,438,230,1386,1006,412,1333,1843,5097,1743,604,1098,56848.0,75421.0,27952.0,0.4773,14101,6107,7994,402300.0,1155.0,1132.39929947461,16043,7762,6855,907,6764,21,49,863,134,450,1183,2489,2151,2003,2342,3380,2045,450,43.0,38885,30833,8052,3661,4391
2628,10302,16811,14075.08,8145,8666,10299,3420,0,1101,0,1494,497,2.94,8764,2272,749,7660,6970,690,6970,0,801,228,94,596,531,159,436,616,1908,475,390,736,56841.0,70131.0,24198.0,0.4726,5669,3151,2518,382000.0,1129.0,1102.2637013502801,6757,3714,3337,377,2463,0,0,408,89,83,517,1564,942,976,964,815,896,83,40.0,16811,11979,4832,1778,3054
2629,10303,24537,7821.156999999999,11419,13118,9751,8935,117,1746,0,2930,1058,3.02,12311,3348,1185,10738,9754,984,9754,0,556,334,159,1004,604,265,848,749,2970,774,649,842,51537.0,65877.0,22077.0,0.4642,8086,4707,3379,325100.0,1013.0,1066.32139686298,9590,5688,4974,714,3474,0,7,270,27,124,586,1513,1338,1610,1317,1520,1582,124,44.0,24537,18002,6535,3531,3004
2630,10304,43084,11119.02,20075,23009,20475,12567,302,4672,11,3773,1284,2.83,22128,7674,3281,20074,18420,1654,18420,0,1489,763,310,1651,897,405,1787,1882,5813,1377,1048,998,53168.0,77658.0,27103.0,0.4982,14807,7865,6942,403700.0,1100.0,1061.35119562086,17987,9231,8115,1116,7495,0,7,536,196,522,702,3000,2443,2515,3635,3748,1422,522,41.0,43084,30476,12608,6498,6110
2631,10305,42006,9879.686,20242,21764,32502,1759,383,5181,17,1401,763,2.77,25287,9392,3618,19492,17893,1599,17893,0,1385,625,215,1788,1231,311,1998,2029,4921,1095,949,1346,70758.0,83935.0,30172.0,0.4316,14867,9803,5064,415300.0,1183.0,1068.7796208530801,17710,10138,8565,1573,6428,0,52,743,33,316,983,3447,2204,2814,3306,3207,1433,316,39.0,42006,27989,14017,8745,5272
2632,10306,55902,7480.454000000001,26875,29027,49154,1723,18,3008,0,1337,662,2.7,35541,11642,4677,26773,24682,2091,24682,0,1914,823,471,2175,1418,681,3113,2693,6762,1477,995,2160,75807.0,93591.0,34834.0,0.4291,20526,14751,5775,450200.0,1201.0,1163.58441558442,24290,15762,13595,2167,7154,36,5,644,207,482,1554,4195,3363,3216,3650,5230,2600,482,42.0,55902,45085,10817,7921,2896
2633,10307,14829,7557.2480000000005,7315,7514,13912,91,5,486,0,152,183,3.06,8623,3009,1286,7084,6654,430,6654,0,624,223,118,513,327,247,769,799,1865,280,321,568,86457.0,109555.0,36028.0,0.4263,4828,3768,1060,567400.0,1334.0,1315.3773584905698,6607,5285,4864,421,1094,0,0,25,67,136,346,731,1102,979,1016,1357,940,136,45.0,14829,13307,1522,1293,229
2634,10308,28939,14666.18,13864,15075,27671,46,33,899,0,146,144,2.77,18811,5737,2427,14844,13783,1061,13783,0,809,379,256,1555,1055,264,1755,1494,3599,767,711,1139,88075.0,105080.0,38275.0,0.40299999999999997,10420,8714,1706,452600.0,1333.0,1264.36107854631,13477,9200,7657,1543,3873,0,18,136,18,232,735,2453,1696,1595,1769,3150,1847,232,44.0,28939,24921,4018,3030,988
2635,10309,32646,4858.7390000000005,16473,16173,29873,818,17,1224,0,354,360,2.95,20187,6847,2778,15346,14534,812,14534,0,1677,265,356,1513,918,446,1638,1631,3371,816,924,979,86297.0,105948.0,35719.0,0.4058,10756,8542,2214,539100.0,1274.0,1291.96025293586,14396,10395,9297,1098,3398,0,0,201,113,289,805,2271,1861,1810,2580,3120,1660,289,43.0,32646,28013,4633,3509,1124
2636,10310,25227,14050.65,12487,12740,14598,6498,34,1376,0,1896,825,2.98,13650,4265,1970,12024,10454,1570,10454,0,877,296,160,795,613,260,754,1185,3555,677,514,768,61925.0,82051.0,27923.0,0.473,8438,5159,3279,414600.0,1178.0,1140.8661177188199,10348,6135,5096,1039,3390,0,28,484,33,278,644,2508,1076,1496,1856,1541,949,278,38.0,25227,20979,4248,2117,2131
2638,10312,60081,7824.309,30010,30071,55772,381,32,3089,0,339,468,2.82,38547,13376,4738,30147,27766,2381,27766,50,1918,845,557,2571,1940,768,3226,2978,8344,1465,1045,2059,85324.0,101226.0,36128.0,0.3988,21243,17859,3384,467300.0,1166.0,1099.52718676123,27439,20526,17872,2654,5941,0,0,207,60,705,1280,4786,3656,3824,4028,5489,3671,705,43.0,60081,51478,8603,7053,1550
2639,10314,87276,6363.721,41432,45844,67625,3719,110,12140,0,2659,1023,2.78,55154,18754,7618,41800,39036,2764,39036,26,2332,1189,604,4334,3070,1057,4252,4400,10732,2074,1958,3008,77242.0,91433.0,32807.0,0.4088,30868,22554,8314,437500.0,1187.0,1200.46908828482,38535,26361,22774,3587,10069,11,18,900,236,940,2320,7166,6323,5115,5100,7798,3773,940,40.0,87276,67528,19748,14021,5727
2640,10451,47069,46379.59,21045,26024,8068,20539,779,929,0,15408,1346,2.67,17564,4063,1438,20103,16513,3590,16513,0,521,698,252,2020,1096,303,686,1886,5381,1682,1070,918,26754.0,36559.0,14629.0,0.4674,17529,2011,15518,170600.0,874.0,842.8405722386909,15894,2534,2012,522,10884,0,29,1841,49,557,577,1563,1526,3536,4188,3092,855,557,41.0,47069,32734,14335,5944,8391
2641,10452,74931,76101.62,35135,39796,11477,24857,487,1118,40,34799,2153,3.0,27895,4790,1447,33862,28212,5650,28212,39,962,1540,474,3988,1855,223,1714,1892,8746,3781,2205,793,25979.0,36081.0,13019.0,0.4575,24701,792,23909,402800.0,996.0,952.4279559998331,27333,5320,3991,1329,18094,0,104,2671,186,958,1259,3298,2861,6197,6147,5128,1485,958,40.0,74931,42304,32627,13430,19197
2642,10453,79793,87110.88,37659,42134,9090,26322,745,1167,81,39169,3219,3.04,30664,5675,1751,38173,30234,7939,30234,80,1450,1190,857,4488,1823,384,1961,2239,8583,3712,2908,559,25470.0,35380.0,12616.0,0.4687,25624,1091,24533,445200.0,990.0,934.8102555741251,28236,6062,4070,1992,18444,0,50,2512,149,1019,1127,3518,2888,5266,6720,5956,1742,1019,41.0,79793,46632,33161,12220,20941
2643,10454,38089,36541.09,18151,19938,12422,12861,147,489,0,11226,944,2.98,11818,1964,508,14628,12425,2203,12425,0,740,477,174,1685,706,177,501,1044,3459,2383,781,298,20232.0,31813.0,11561.0,0.5075,12467,631,11836,386000.0,633.0,739.878337276107,12031,1795,1435,360,8377,0,66,1470,16,307,638,1148,987,2698,3265,2331,657,307,41.0,38089,28235,9854,3057,6797
2644,10455,38576,54166.66,17958,20618,6959,12368,100,108,59,17822,1160,2.83,12540,1938,332,15337,12557,2780,12557,0,593,687,399,1829,754,134,821,852,3508,1891,664,425,22609.0,32349.0,12231.0,0.4691,13228,1028,12200,318600.0,770.0,790.540983606557,12317,2018,1788,230,8346,0,89,1351,79,434,632,1307,1190,2774,2480,2598,902,434,41.0,38576,26680,11896,3764,8132
2645,10456,87723,86133.38,41312,46411,9083,36569,280,812,34,38170,2775,3.02,31206,5252,1346,36580,29898,6682,29898,46,1617,1086,548,4016,2533,419,1712,2398,9431,3000,1877,1215,23452.0,34753.0,12486.0,0.4789,28349,1741,26608,388600.0,890.0,833.9860192423331,29159,4673,3930,743,20474,0,83,2268,290,1371,1485,2716,3045,5827,5859,5974,2882,1371,43.0,87723,58751,28972,10232,18740
2646,10457,70282,66223.05,32833,37449,10368,26048,236,1028,56,30132,2414,3.0,24322,4658,1338,28947,23901,5046,23901,31,1194,1001,481,2967,1914,345,1344,1661,7775,2900,1619,669,24949.0,36594.0,12952.0,0.4926,22570,1426,21144,397500.0,1016.0,976.0546727203931,23100,4908,3545,1363,14861,12,68,2105,190,956,1407,2496,2509,3952,4801,4932,2047,956,43.0,70282,43799,26483,9827,16656
2647,10458,74859,74192.66,35375,39484,15602,16489,366,2687,60,36592,3063,2.82,27303,5063,1759,33080,27922,5158,27922,125,1679,1371,520,4542,1256,836,1644,2281,7360,3613,2215,480,24618.0,39383.0,14488.0,0.5035,25329,1082,24247,330300.0,1070.0,1026.64659545511,27233,5179,3878,1301,16914,19,159,3745,106,1111,1521,3568,2912,3722,6475,5693,2231,1111,42.0,74859,46329,28530,10821,17709
2648,10459,47977,58725.94,22748,25229,6338,14609,242,298,30,24570,1890,3.07,15290,2823,810,18685,15923,2762,15923,20,1034,819,246,1645,889,284,986,1554,4696,1987,1303,460,24461.0,35420.0,12436.0,0.4889,15402,1450,13952,343900.0,913.0,894.889621559633,15476,2741,2194,547,10810,28,79,1026,64,728,618,1614,1591,2921,3317,3829,858,728,42.0,47977,33933,14044,5142,8902
2649,10460,56084,42633.86,26378,29706,7381,15225,160,1146,0,30483,1689,2.88,19327,3585,801,24280,19593,4687,19593,30,791,657,286,2730,1507,401,1496,1448,5842,2337,1591,477,22307.0,34517.0,12828.0,0.4947,19128,1719,17409,391700.0,942.0,904.951461887529,19028,4085,3427,658,12591,0,70,1425,264,593,845,2214,1916,2933,4982,4366,1179,593,42.0,56084,37670,18414,7278,11136
2650,10461,51730,21557.02,25227,26503,26179,3785,235,5433,0,14173,1925,2.61,29289,9259,3433,26636,23289,3347,23289,43,1428,853,564,2341,1689,332,2271,2463,7083,2174,892,1156,52347.0,67092.0,26630.0,0.4351,19330,6359,12971,454700.0,1199.0,1207.02335980264,22371,10007,8052,1955,9920,55,7,1709,108,565,1197,4368,3132,3130,4104,4634,1241,565,38.0,51730,37287,14443,7830,6613
2651,10462,77369,52277.64,36156,41213,17838,21601,425,9326,22,25572,2585,2.66,39416,12298,4206,38800,34134,4666,34134,0,1368,1579,403,3295,2449,695,3027,2731,10848,4406,1538,1795,45864.0,55062.0,21836.0,0.4246,28908,6155,22753,271300.0,1167.0,1170.0391157210001,33569,8507,6789,1718,21535,0,125,2552,149,701,1152,4302,2950,4532,7832,9540,2560,701,44.0,77369,52382,24987,12165,12822
2652,10463,70420,48696.15,32184,38236,31256,10581,405,2637,146,22205,3190,2.49,39523,17910,9138,35376,31653,3723,31653,5,962,964,450,3158,1558,1106,2489,3345,10752,3354,2050,1460,54258.0,76187.0,30875.0,0.4828,27261,8467,18794,289700.0,1137.0,1156.8904969671198,30639,9092,6954,2138,17246,21,175,2735,135,1235,1244,3971,3401,4609,6464,7793,1922,1235,43.0,70420,48830,21590,12890,8700
2653,10464,4248,1212.9560000000001,1816,2432,3431,119,0,31,0,615,52,2.06,2960,1372,796,2311,2204,107,2204,0,148,83,22,94,96,66,359,244,733,180,71,108,70078.0,79490.0,39454.0,0.4045,2062,1088,974,484000.0,1319.0,1193.22381930185,2181,1665,1540,125,294,0,11,64,34,113,164,581,239,321,242,457,64,113,33.0,4248,3888,360,209,151
2654,10465,44862,13080.52,21577,23285,28667,4657,207,1456,0,8534,1341,2.78,24391,7266,2663,21913,19754,2159,19754,0,1107,543,407,1725,1346,557,2037,2341,5869,1671,903,1248,65450.0,80849.0,29953.0,0.4447,15572,8454,7118,437800.0,1188.0,1143.77634166901,19333,11954,10153,1801,5892,35,62,839,8,543,1136,3890,2713,3280,2491,3273,2007,543,39.0,44862,38181,6681,4455,2226
2655,10466,70609,34986.47,31429,39180,5393,53522,274,1383,67,8952,1018,3.09,34923,9287,2797,34527,30536,3991,30536,14,1468,960,453,3451,2117,620,1945,2086,12519,1930,1977,996,44012.0,56383.0,19925.0,0.4427,22595,8705,13890,391300.0,1100.0,1056.4794816414699,29460,11380,10188,1192,15458,0,67,1714,198,643,754,3923,3716,5224,4653,7012,3535,643,45.0,70609,41308,29301,17752,11549
2656,10467,98754,42376.04,46656,52098,18431,38002,790,6034,0,31268,4229,2.79,44727,11343,3518,47534,39926,7608,39926,338,1587,1399,776,4989,2561,754,2703,2808,14029,4301,2254,1427,36048.0,47693.0,18137.0,0.4694,34796,4300,30496,369500.0,1097.0,1053.8070566631698,38712,9788,8252,1536,24418,0,64,3203,180,1059,1665,5199,4532,5736,7640,10245,2636,1059,42.0,98754,61259,37495,16694,20801
2657,10468,71822,66796.39,33969,37853,9472,16977,387,2732,32,39335,2887,2.97,29845,6929,1977,36434,29985,6449,29985,362,1326,976,729,3991,2195,352,1897,2169,9066,4100,2059,763,33776.0,43327.0,15537.0,0.4436,23680,2217,21463,171200.0,1104.0,1063.29497274379,28289,4815,3650,1165,19977,15,102,2287,53,1040,1097,2977,2686,4378,7382,6773,1956,1040,43.0,71822,39973,31849,12369,19480
2658,10469,71843,29007.29,32606,39237,14154,39651,346,2792,260,12462,2178,3.17,37439,11825,4263,35923,29587,6336,29587,8,1253,679,390,3232,2366,560,1961,2343,11760,1958,1535,1542,57776.0,69598.0,22960.0,0.4346,21832,10649,11183,427100.0,1235.0,1217.05266923008,28623,13277,11170,2107,13567,56,0,1032,82,609,948,4689,3833,4668,5252,6185,2439,609,41.0,71843,46129,25714,16324,9390
2659,10470,14850,10423.26,7403,7447,6987,4834,47,560,0,2108,314,2.54,8696,2862,1206,8146,7118,1028,7118,94,786,277,69,688,292,217,681,475,2348,557,417,217,58600.0,69446.0,28734.0,0.3856,5801,2144,3657,401200.0,1193.0,1200.9023789991802,6977,2989,2584,405,3142,0,13,557,37,239,327,955,840,1148,1374,1515,579,239,42.0,14850,9388,5462,3155,2307
2660,10471,22030,8532.369,10432,11598,15985,1753,0,1707,0,1993,592,2.13,14240,8452,4392,10798,9930,868,9930,6,299,309,136,596,451,343,1224,1288,3517,834,543,384,71798.0,103039.0,43630.0,0.5008,8980,4452,4528,360800.0,1342.0,1367.9770318021199,9694,4548,3856,692,3836,9,41,680,11,569,604,1263,1201,1559,1534,2214,750,569,41.0,22030,17297,4733,3142,1591
2661,10472,68898,65584.59,33278,35620,10306,21006,357,4116,0,26683,6430,3.25,25156,4749,1119,30152,25896,4256,25896,0,2496,983,484,3458,1897,564,1526,2014,6485,3426,1814,749,30288.0,43092.0,14652.0,0.4759,21006,2862,18144,429600.0,1052.0,979.717813051146,24991,5685,4590,1095,16719,23,220,1306,186,852,1167,3339,2032,3628,5015,7175,1783,852,43.0,68898,42562,26336,9152,17184
2662,10473,58660,26910.97,25617,33043,13158,22641,272,1224,0,19863,1502,2.87,27817,6395,1788,24900,22112,2788,22112,19,755,548,549,2199,1678,680,1805,1743,8396,1377,987,1376,35866.0,52053.0,19561.0,0.4809,20355,5526,14829,386600.0,808.0,838.7349113224091,21588,8849,6794,2055,11290,0,59,1052,73,265,924,2429,2328,3640,3293,6396,2313,265,45.0,58660,46614,12046,7151,4895
2663,10474,12519,8165.422,6209,6310,3882,4107,40,45,0,3966,479,3.08,4588,730,156,4768,3902,866,3902,8,223,179,205,492,267,87,234,465,1165,272,252,53,25676.0,33007.0,11410.0,0.4471,3656,277,3379,351800.0,970.0,950.281148268719,3831,705,558,147,2249,0,0,695,7,175,237,877,320,315,714,961,232,175,39.0,12519,9303,3216,1041,2175
2664,10475,43231,25087.4,19528,23703,7762,26130,301,497,0,7024,1517,2.33,26885,7597,2763,20899,18262,2637,18262,0,527,321,323,1701,1390,292,2225,1488,7112,1026,599,1258,43629.0,58629.0,25870.0,0.4437,17992,7680,10312,76000.0,904.0,925.232738557021,17589,6557,5574,983,9370,0,0,1548,33,81,490,2287,1736,2208,2436,5093,3258,81,50.0,43231,33273,9958,6712,3246
2804,11001,27001,12109.42,12998,14003,19642,1855,39,3759,39,816,851,2.99,17531,7678,3373,15014,13914,1100,13914,13,1002,561,359,1187,837,433,1420,1620,4264,777,595,846,101634.0,119168.0,40753.0,0.3905,9025,7319,1706,477300.0,1479.0,1372.80187573271,13642,10011,9147,864,2763,0,0,382,85,401,894,2438,2317,2578,2261,2081,672,401,35.0,27001,21220,5781,4287,1494
2806,11004,14500,15261.29,6728,7772,6502,860,73,5753,0,526,786,2.71,9308,4674,1964,7379,6757,622,6757,0,326,271,122,597,765,124,792,724,2398,151,134,353,81709.0,94945.0,35334.0,0.4079,5138,3869,1269,432500.0,1210.0,1263.04176516942,6637,4469,3870,599,1698,0,10,256,24,180,209,1288,1259,996,716,1320,669,180,40.0,14500,9196,5304,3802,1502
2807,11005,2055,11262.39,744,1311,2040,15,0,0,0,0,0,1.31,2004,1129,612,470,445,25,445,0,0,10,0,58,9,0,90,123,104,8,0,43,64300.0,100543.0,76670.0,0.5254,1566,1403,163,403700.0,1917.0,1837.4233128834398,438,383,357,26,0,0,0,9,10,36,28,134,104,64,48,14,10,36,24.0,2055,1803,252,246,6
2814,11040,40231,8410.931,19666,20565,23969,331,53,12898,0,1857,1123,3.04,25598,12351,5075,20651,19244,1407,19244,7,1384,791,605,1802,1106,481,2145,1918,5939,1125,953,988,101434.0,118524.0,39729.0,0.3915,13208,11675,1533,536900.0,1386.0,1470.25440313112,18955,14519,13142,1377,3528,15,9,303,91,490,1445,3826,3143,2868,2643,3159,1381,490,37.0,40231,26713,13518,9936,3582
2817,11096,8276,6771.722,4004,4272,2680,2271,0,187,0,2463,675,3.27,3829,630,188,4293,3738,555,3738,0,378,209,102,441,309,47,143,525,971,141,391,81,48538.0,63728.0,20403.0,0.4287,2530,1123,1407,384800.0,1328.0,1259.0618336887,3713,2639,2359,280,696,0,31,273,9,65,459,995,581,636,476,375,126,65,29.0,8276,5424,2852,1285,1567
2818,11101,25537,9764.101999999999,12661,12876,12895,4475,314,4608,0,2716,529,2.24,13988,6437,2221,14339,12742,1597,12742,26,298,362,317,1657,570,685,1248,1871,2256,1986,960,506,47142.0,67120.0,30040.0,0.4959,11075,1752,9323,654900.0,1189.0,1266.22331867425,12213,2293,1892,401,8595,5,151,794,47,328,366,1597,2339,3394,2768,1180,241,328,34.0,25537,15635,9902,4312,5590
2819,11102,34529,42745.13,17565,16964,19500,3334,412,5460,57,4715,1051,2.47,20350,10307,3259,21306,19333,1973,19333,66,1238,824,509,2087,719,987,1385,2516,3720,3546,1215,521,49924.0,67035.0,28108.0,0.4527,13873,1845,12028,597700.0,1397.0,1356.10242766877,18422,3957,3340,617,11827,0,407,1398,110,723,770,2159,1768,4825,5611,2050,516,723,37.0,34529,18636,15893,7560,8333
2820,11103,37745,53081.57,19142,18603,29151,1020,99,4856,0,1633,986,2.31,24115,12083,3865,24235,22016,2219,22016,27,1481,844,555,1895,1045,1300,1926,3327,4286,3557,1186,587,55129.0,69033.0,31345.0,0.4253,16283,2620,13663,648900.0,1413.0,1402.0932445290198,21628,3752,3194,558,15411,59,299,1414,118,575,392,1798,2998,5879,7212,2316,458,575,37.0,37745,21042,16703,9401,7302
2821,11104,25729,65971.95,12012,13717,16051,330,19,7371,0,1137,821,2.24,17551,8222,2767,16015,14951,1064,14951,48,735,751,366,1541,978,823,1312,1987,2846,2086,1052,426,56059.0,69522.0,31953.0,0.4294,11502,1715,9787,421800.0,1353.0,1327.94523347297,14669,1788,1332,456,10992,61,151,1199,60,418,398,1023,2235,3825,4596,1704,470,418,38.0,25729,12203,13526,6930,6596
2822,11105,36190,22175.91,18099,18091,28393,759,9,3527,0,2567,935,2.3,23531,11974,4056,22082,20031,2051,20031,74,1185,641,352,1986,978,1357,1808,2667,4421,2989,979,594,57525.0,74282.0,33537.0,0.4393,15729,4549,11180,658700.0,1433.0,1368.01431127013,19341,4579,3798,781,12629,24,193,1186,71,659,654,2083,2117,4199,6327,2940,362,659,38.0,36190,22731,13459,7716,5743
2823,11106,36869,43017.97,18293,18576,22414,3062,13,6101,7,4110,1162,2.19,22836,11060,4472,22387,19718,2669,19718,49,938,641,425,1776,1248,865,1617,2985,4174,3161,1330,509,48720.0,65572.0,30809.0,0.4793,16704,2948,13756,433600.0,1270.0,1195.55103227682,19051,3190,2633,557,13532,32,201,1443,65,588,622,1713,2851,5532,5590,1753,402,588,35.0,36869,21274,15595,8274,7321
2824,11109,3524,87826.62,1936,1588,2572,94,0,660,0,42,156,1.76,3028,2524,1362,2814,2685,129,2685,0,10,160,0,164,16,240,519,725,435,238,75,103,125871.0,157686.0,90065.0,0.4144,2000,372,1628,428600.0,2001.0,2884.70515970516,2648,482,402,80,1955,0,0,81,0,130,14,248,983,864,266,127,16,130,29.0,3524,2120,1404,464,940
2825,11201,54668,38471.77,26994,27674,36282,7015,114,4922,65,3507,2763,2.01,38356,28877,15236,32947,30453,2494,30453,0,527,704,698,1716,438,2823,4376,7796,6447,2283,1279,1366,95369.0,151187.0,68814.0,0.5413,24389,9165,15224,669000.0,1796.0,1795.08013662638,30036,2536,1993,543,20699,43,522,3234,230,2772,1249,3704,5278,8629,6062,1686,656,2772,32.0,54668,44200,10468,5473,4995
2826,11203,79572,37086.12,35351,44221,3330,71949,203,1016,20,1895,1159,2.88,45832,10891,3684,39957,34905,5052,34905,0,1379,948,258,3151,3105,624,2226,2575,14370,1730,2685,1854,48400.0,61959.0,22227.0,0.4367,26933,11007,15926,426100.0,1142.0,1119.0945623508699,34260,9608,8285,1323,21981,18,67,1695,112,779,709,2581,3915,7327,7838,7997,3114,779,45.0,79572,38353,41219,26168,15051
2827,11204,80963,50953.84,40426,40537,54758,521,284,22021,0,2302,1077,3.21,37529,12185,4482,35755,32289,3466,32289,16,1952,1926,1264,3773,1676,527,2936,3227,8714,3600,1816,862,45472.0,62858.0,20161.0,0.4632,25221,9348,15873,657500.0,1171.0,1160.50526050526,31265,8824,6723,2101,16637,11,398,4218,80,1097,1262,5546,3269,4115,7275,7068,1633,1097,40.0,80963,43727,37236,21147,16089
2828,11205,43002,45283.84,20758,22244,20397,13791,83,2413,0,4886,1432,2.75,20096,10042,4515,20354,17893,2461,17893,24,801,747,314,1799,646,1065,1030,3311,4230,2390,695,841,44688.0,73757.0,26114.0,0.5452,14656,3248,11408,636900.0,1111.0,1197.99263674614,17516,2205,1850,355,10676,16,927,2256,106,1330,760,2468,2065,3672,4906,1722,593,1330,36.0,43002,34450,8552,3757,4795
2829,11206,81525,56833.41,39562,41963,36402,20720,345,4032,7,17395,2624,2.86,31268,9049,2443,35872,30810,5062,30810,69,1237,1541,969,3502,1463,1263,1764,3788,7411,4861,1687,1255,28559.0,43234.0,15618.0,0.5056,28314,2971,25343,533400.0,842.0,973.270725644162,30073,4473,3435,1038,19607,77,791,3651,98,1376,1192,3853,3899,7382,6657,4554,1160,1376,37.0,81525,63246,18279,7811,10468
2830,11207,92491,34629.88,41316,51175,13237,61604,271,1052,294,14351,1682,2.94,38072,7072,2183,39955,33927,6028,33927,28,1774,905,500,3916,2926,442,2000,3560,11172,2626,1768,2310,32945.0,45365.0,15951.0,0.4931,30879,7375,23504,403800.0,1027.0,976.2678692988429,33199,8286,7132,1154,22075,9,131,1823,294,581,1140,2404,3361,6651,8614,7382,3066,581,45.0,92491,63015,29476,15501,13975
2831,11208,93107,26939.11,43320,49787,30749,48405,255,4462,45,7644,1547,3.2,41073,5507,1494,38436,33787,4649,33787,34,2203,1470,577,3875,3265,608,2131,3472,9644,3219,1839,1450,35079.0,45629.0,14870.0,0.5083,28779,7215,21564,441100.0,1132.0,1081.79373029123,33358,7678,6520,1158,23484,0,67,1206,308,615,552,1550,2150,10725,11415,4980,1371,615,42.0,93107,58991,34116,17698,16418
2832,11209,72623,33588.78,33867,38756,56006,1693,233,9137,113,3710,1731,2.34,45746,23166,9641,36965,33574,3391,33574,52,1664,1451,630,3032,1895,1090,4208,4537,8453,2674,1903,1985,58261.0,82258.0,35712.0,0.479,30877,10956,19921,625600.0,1291.0,1284.25781838261,32969,10462,8396,2066,18331,13,72,2918,189,984,1959,4596,3116,4004,8468,8485,1357,984,41.0,72623,48584,24039,15404,8635
2833,11210,65302,39792.05,30511,34791,21815,37641,25,2251,43,2479,1048,3.03,36962,13521,4767,31621,28886,2735,28886,55,1375,511,670,2067,2292,640,2663,3006,11050,1498,1763,1296,55429.0,73990.0,25079.0,0.4557,21520,9982,11538,485500.0,1104.0,1092.98838620211,28194,11099,9906,1193,14456,0,81,1362,149,1047,737,3195,5558,5488,6530,4348,1291,1047,38.0,65302,39283,26019,15678,10341
2834,11211,93271,40581.32,46187,47084,76995,4284,225,3337,0,6556,1874,2.6,47435,24325,8279,47706,44411,3295,44411,93,1564,2536,1361,4226,1073,4216,3432,8458,8830,5910,1873,839,46848.0,70753.0,27752.0,0.5275,35527,5472,30055,655500.0,1206.0,1321.3907835634698,43886,5266,3846,1420,26262,288,1031,7411,215,3413,2705,6649,6888,13786,7513,1865,1067,3413,30.0,93271,74571,18700,9375,9325
2835,11212,84520,54956.94,34878,49642,3798,73157,156,818,26,5560,1005,2.69,38521,5256,1394,34312,29693,4619,29693,5,1560,721,167,3501,2737,461,1689,2284,11629,1804,1640,1495,28348.0,39951.0,16535.0,0.5001,30167,4718,25449,391700.0,928.0,874.5412393414281,29266,5921,4874,1047,20825,0,98,1833,112,477,1056,2419,2976,5218,6423,7810,2887,477,46.0,84520,56372,28148,15648,12500
2836,11213,62059,56882.03,28108,33951,12476,43041,187,967,0,4395,993,2.6,30417,7716,2832,27340,24414,2926,24414,0,904,775,448,2139,1846,601,1991,2021,8632,2048,1473,1536,34794.0,46912.0,18522.0,0.4842,23512,3647,19865,582300.0,1024.0,969.373269569595,24010,4241,3492,749,16552,65,102,2225,63,762,1065,2306,2713,5519,6688,3581,1376,762,39.0,62059,39549,22510,11902,10608
2837,11214,83156,38060.13,40527,42629,47418,863,197,28234,0,5604,840,2.7,43433,13682,4299,38021,34433,3588,34433,0,2796,2019,1190,3455,2884,804,2869,4026,7655,3652,2271,812,43398.0,59809.0,22683.0,0.4557,30415,10517,19898,598800.0,1103.0,1046.30616142326,33688,9343,6905,2438,21150,12,134,2063,175,811,1030,3261,3420,4533,7573,10364,2696,811,47.0,83156,38700,44456,26556,17900
2838,11215,68891,31628.39,33426,35465,51037,3292,150,5145,0,5870,3397,2.37,46531,35199,17610,44655,41581,3074,41581,70,891,1361,861,2030,719,4116,3889,8910,10254,4834,2024,1622,95654.0,132302.0,56340.0,0.4729,28822,10975,17847,913200.0,1778.0,1759.9428475374,40702,5002,3923,1079,27659,54,1183,2871,96,3837,1226,3064,4194,7861,14959,4879,682,3837,39.0,68891,56569,12322,6029,6293
2839,11216,53783,57495.47,25270,28513,8506,39552,219,2201,123,1782,1400,2.32,31828,13429,5141,30137,26751,3386,26751,61,1095,772,416,2085,1824,1419,2091,3335,8116,2822,1328,1387,43996.0,61139.0,27218.0,0.4944,22832,5277,17555,623300.0,1102.0,1118.58729706636,26147,4087,3585,502,18253,39,961,1221,205,1381,631,1944,2848,5382,8022,4674,1265,1381,41.0,53783,39139,14644,7906,6738
2840,11217,38787,51667.01,18261,20526,21270,8086,343,2544,0,4845,1699,2.25,25842,18388,8772,24813,22697,2116,22697,10,203,1028,209,1747,423,2364,2133,4864,5313,2406,1187,810,81862.0,117479.0,51846.0,0.5088,16726,4842,11884,857000.0,1650.0,1647.08010770784,22340,1621,1344,277,15953,10,498,2158,107,1993,750,1933,3152,6240,6191,1550,531,1993,35.0,38787,31682,7105,3566,3539
2841,11218,74758,52340.8,36514,38244,42734,6846,233,13005,0,10063,1877,2.97,38042,18905,8229,36325,33460,2865,33460,0,2275,1449,692,3600,1771,1642,2440,3610,9572,3060,2111,1238,52445.0,70046.0,24081.0,0.4661,24869,8198,16671,546300.0,1314.0,1308.7277307899901,32866,6712,5224,1488,20924,17,645,2874,281,1413,1578,3313,3056,5798,10474,6042,1192,1413,40.0,74758,45304,29454,15510,13944
2842,11219,96971,65429.87,48925,48046,63152,1168,305,25624,0,6178,544,3.61,35221,8914,2838,38674,35727,2947,35727,61,2883,2413,1676,3996,1360,453,2389,3045,9593,4730,2570,558,34316.0,50967.0,14567.0,0.4798,26609,6638,19971,726700.0,1176.0,1154.65925592109,34485,9104,6335,2769,15429,3,316,7717,241,1675,2529,6775,2892,4966,5289,7512,2847,1675,41.0,96971,58547,38424,16575,21849
2843,11220,103089,57552.4,53376,49713,32593,2648,2047,43473,38,20109,2181,3.42,34332,12456,3925,51835,45871,5964,45871,33,3838,3399,1484,4283,2305,869,2310,3234,8107,11300,3536,1173,37580.0,53080.0,16263.0,0.4684,30042,7283,22759,615300.0,1155.0,1120.34360033393,44179,9635,6331,3304,25783,61,513,6925,177,1085,2013,6220,3320,7787,8234,11122,4398,1085,45.0,103089,46498,56591,18435,38156
2844,11221,81321,58786.51,37745,43576,24197,45277,436,2457,11,7520,1423,2.89,35638,9701,3031,40369,33621,6748,33621,0,1781,1333,627,4305,2395,878,2179,3458,9396,3590,1972,1707,39178.0,51951.0,18774.0,0.4747,27803,5626,22177,543800.0,1118.0,1094.7468097578599,33027,5585,4866,719,23417,23,466,2303,222,1011,970,2630,3239,7092,10255,5866,1964,1011,42.0,81321,58145,23176,9302,13874
2845,11222,34186,22428.9,16478,17708,28702,634,316,1943,0,1726,865,2.07,24828,13838,5234,22928,21506,1422,21506,24,1701,1165,478,1886,455,2009,1404,4007,3791,2796,1205,585,63739.0,79763.0,39515.0,0.4574,16395,3226,13169,726500.0,1436.0,1446.68539752449,21225,2813,2276,537,13570,91,921,2133,175,1522,765,1802,3305,5900,6063,1454,414,1522,34.0,34186,22619,11567,5515,6052
2846,11223,74606,35967.79,35957,38649,49576,2930,357,17668,0,2793,1282,2.75,40050,12607,4324,32973,29220,3753,29220,19,2037,1590,1415,4039,1874,514,2433,3036,7253,2603,1562,845,41328.0,60487.0,22514.0,0.4897,27050,10474,16576,613000.0,1077.0,1009.09145752896,28490,9054,7107,1947,16083,27,176,2320,247,583,981,3943,2879,4052,6428,7772,1852,583,43.0,74606,39439,35167,21581,13586
2847,11224,42535,27547.02,18866,23669,24893,10419,209,3825,45,2215,929,2.26,24231,9071,3092,17703,14747,2956,14747,26,678,731,364,1301,1342,317,1119,1385,5079,1161,761,483,27481.0,46349.0,20666.0,0.5166,18134,5091,13043,317800.0,741.0,792.7854021314121,14206,4097,3342,755,8314,0,89,1253,144,309,617,1922,1859,1607,2830,3441,1621,309,45.0,42535,23765,18770,14623,4147
2848,11225,59182,66956.75,26387,32795,10515,43464,232,1319,0,2964,688,2.61,32224,11057,4035,32169,26114,6055,26114,15,1083,612,331,2300,1543,1132,1682,2760,9147,2293,1682,1534,42922.0,56892.0,22519.0,0.4576,22599,3300,19299,615700.0,1131.0,1141.11093839059,25614,4435,3896,539,17802,11,252,1885,89,1140,946,2259,2430,4851,7412,4861,1715,1140,43.0,59182,34278,24904,13480,11424
2849,11226,98325,76257.16,44409,53916,9400,74785,103,3242,27,8450,2318,2.74,51953,14254,4781,52239,45313,6926,45313,0,2651,1497,534,4328,2995,1100,2910,5179,15157,3837,3165,1960,40734.0,54348.0,20721.0,0.4668,35551,4547,31004,480500.0,1123.0,1117.3622758353802,43750,7548,6253,1295,32663,39,238,1979,160,1123,890,3188,4213,8143,13414,9589,3190,1123,45.0,98325,47901,50424,25443,24981
2850,11228,43929,29884.86,21810,22119,30147,567,123,11310,25,1441,316,2.89,24710,8935,3706,21242,19135,2107,19135,58,1811,956,582,1984,1096,425,2161,1978,4471,1810,859,944,61893.0,83919.0,29885.0,0.4508,15156,8841,6315,681700.0,1241.0,1235.51860649248,18773,7769,6068,1701,8975,37,133,1123,86,650,612,2401,2192,2596,4165,4801,1356,650,43.0,43929,28098,15831,9964,5867
2851,11229,81030,37400.8,38425,42605,58609,3340,76,16503,99,1571,832,2.61,47925,20033,7145,38785,35127,3658,35127,48,2070,1870,1294,3278,2680,732,3622,3965,10138,2598,1419,1413,51725.0,67980.0,26575.0,0.4616,30892,14266,16626,524100.0,1092.0,1012.1857331889801,34410,12166,9780,2386,17904,14,227,2642,202,1255,1355,4656,3732,4945,7525,8970,1972,1255,42.0,81030,45426,35604,25454,10150
2852,11230,84219,45776.63,40774,43445,60304,6745,143,10492,0,5280,1255,2.81,45292,20016,7976,37756,33949,3807,33949,4,2068,1166,1549,3137,2235,700,3097,3683,11294,2340,1689,987,42170.0,63308.0,23051.0,0.5055,29819,8733,21086,598000.0,1179.0,1152.5372284928399,33166,9999,8150,1849,17961,0,407,3475,219,1105,1555,5196,3956,5294,7627,7078,1355,1105,39.0,84219,47951,36268,21657,14611
2853,11231,34137,24004.04,16120,18017,22018,4233,22,1898,0,4583,1383,2.27,21689,14746,6429,20393,18537,1856,18537,14,348,592,438,1885,303,1684,1885,3844,4339,1903,726,576,78174.0,109630.0,48757.0,0.5076,14993,3895,11098,912000.0,1595.0,1528.14020544242,18179,2033,1592,441,11786,6,573,2217,93,1471,624,1844,2636,3923,5410,1868,403,1471,36.0,34137,27774,6363,3009,3354
2854,11232,28824,22463.25,16126,12698,11563,1753,228,4135,36,9768,1341,3.0,12252,4403,1906,15167,13469,1698,13469,30,1150,1173,457,1597,557,427,699,1415,2564,2215,927,258,43595.0,57917.0,19172.0,0.4425,8824,2022,6802,582900.0,1245.0,1239.1061452514,13154,2147,1594,553,8586,8,282,1695,100,336,592,1396,1442,2508,3856,2223,801,336,40.0,28824,16578,12246,4503,7743
2855,11233,68599,50893.44,30379,38220,2999,58032,91,909,0,5325,1243,2.58,33213,8352,2600,31203,26474,4729,26474,31,1099,511,355,2443,2475,613,1999,2744,9327,1708,1480,1689,34492.0,49668.0,19859.0,0.5133,26130,6095,20035,551900.0,1031.0,995.5178437733971,25914,6330,5664,666,17194,0,209,1189,122,870,609,2084,3149,6051,5841,5486,1824,870,43.0,68599,52950,15649,8030,7619
2856,11234,94259,12488.83,44198,50061,43550,42674,93,3867,191,2535,1349,2.94,55849,19768,7600,48565,43602,4963,43602,6,2090,1310,731,3719,3831,1187,3541,4115,15711,2526,2379,2456,68431.0,84529.0,29482.0,0.4164,31989,21454,10535,488200.0,1226.0,1189.36877076412,42794,21888,18779,3109,17590,10,120,1740,169,1277,1856,6379,5385,7075,7127,10075,3620,1277,42.0,94259,61156,33103,24741,8362
2857,11235,74630,33232.58,34695,39935,60641,2237,197,9483,0,993,1079,2.3,50297,23826,7880,34769,31939,2830,31939,19,1836,1338,885,3198,2079,822,3349,3359,10348,1803,1726,1177,41639.0,64291.0,28133.0,0.5204,31958,12738,19220,531000.0,1112.0,1069.01664932362,31426,10679,8165,2514,15534,0,146,3530,248,1289,884,4701,3697,3931,6207,8544,2173,1289,44.0,74630,29436,45194,32541,12653
2858,11236,97217,27041.18,43496,53721,6354,83173,350,2522,0,4032,786,3.03,54350,15962,5627,51419,46316,5103,46316,0,1929,866,537,4252,4477,842,2885,3730,18726,2296,2540,3236,61061.0,72060.0,24394.0,0.4049,31542,15155,16387,478700.0,1256.0,1161.77457740892,45576,18997,16017,2980,24131,6,32,1546,165,699,1157,3961,5378,7834,9749,11163,5635,699,48.0,97217,51330,45887,30163,15724
2859,11237,55478,56623.82,28461,27017,22386,8019,147,3706,0,19862,1358,3.27,16299,5844,1711,28959,25296,3663,25296,39,2936,2173,725,2790,1647,784,804,2692,4487,4050,1820,349,40372.0,53955.0,17134.0,0.48200000000000004,16721,1688,15033,464500.0,1225.0,1241.9011508015699,25042,2899,2185,714,17676,19,794,2760,62,832,1048,2633,2255,5774,7563,3874,1063,832,39.0,55478,30617,24861,5815,19046
2860,11238,51895,46936.16,24285,27610,21480,21928,68,3416,0,2634,2369,2.2,34649,21571,9649,33117,30062,3055,30062,20,592,752,401,2232,1209,2891,2790,5332,8244,3154,1314,1131,65315.0,88004.0,40055.0,0.4713,23003,6600,16403,656800.0,1390.0,1441.30951655185,29413,3302,2758,544,21477,0,1055,1449,164,1966,668,1985,3021,6650,10834,3242,1047,1966,40.0,51895,40394,11501,6741,4760
2861,11239,12879,22569.16,4756,8123,4541,6625,76,496,0,913,228,2.01,7304,1975,916,4805,4146,659,4146,0,22,97,78,460,113,172,218,214,1859,265,183,465,26275.0,36453.0,18494.0,0.4662,6377,139,6238,354600.0,901.0,815.678101955755,4011,1506,1250,256,2243,0,0,245,17,0,80,378,181,848,1163,950,411,0,49.0,12879,8676,4203,3419,784
2863,11354,56258,25960.56,27046,29212,14911,2102,312,32667,0,4363,1903,2.74,34669,12061,3499,29398,26825,2573,26825,124,1349,1314,833,3302,1711,455,2468,2506,5223,3351,3197,992,46566.0,63705.0,23925.0,0.46799999999999997,19822,7972,11850,380600.0,1305.0,1205.11392405063,26184,11513,7626,3887,11087,18,190,2501,210,665,958,4094,2902,4069,5155,6523,1818,665,42.0,56258,22047,34211,15797,18414
2864,11355,83221,47965.02,39595,43626,13802,2451,639,58736,0,5241,2352,2.92,44067,16283,5498,41694,37631,4063,37631,47,2274,1867,1321,3920,2980,583,2763,3210,6955,6482,4379,850,41884.0,57510.0,20505.0,0.4709,28245,9289,18956,507500.0,1289.0,1239.44397552226,36484,12438,8325,4113,17933,10,69,4531,778,725,1147,5474,4056,5088,7473,10097,2424,725,43.0,83221,23213,60008,28348,31660
2865,11356,23037,14660.31,11482,11555,9176,596,110,6694,0,6052,409,3.03,12623,3844,993,12357,11074,1283,11074,0,893,819,635,1372,776,216,785,1019,1836,1191,1109,423,58465.0,75087.0,25815.0,0.4053,7599,3648,3951,562900.0,1460.0,1422.88028347254,10697,5484,4346,1138,3903,0,19,741,72,478,872,1424,1205,1891,1205,2322,1300,478,43.0,23037,12458,10579,5555,5024
2866,11357,40872,14587.54,19078,21794,31264,133,38,7459,0,1019,959,2.66,25805,10044,3603,20090,17859,2231,17859,60,1263,896,645,1878,1431,737,1766,1695,4227,1515,987,759,71978.0,89578.0,34218.0,0.4102,15268,11031,4237,590800.0,1542.0,1459.4996459759302,17392,12007,10707,1300,4492,0,0,458,89,346,898,3063,2963,3163,2400,3433,1126,346,38.0,40872,27832,13040,9534,3506
2867,11358,38317,19655.67,18753,19564,17845,739,15,16216,59,2597,846,2.85,23800,10451,3811,20176,18240,1936,18240,26,1070,864,678,1834,980,670,1964,1694,3632,2011,2250,567,65722.0,83861.0,30403.0,0.441,13395,7494,5901,625200.0,1476.0,1440.85748178275,17636,10222,7949,2273,6276,9,53,638,93,345,659,3294,2176,3065,3114,3787,1196,345,39.0,38317,19185,19132,10157,8975
2869,11360,19865,13939.02,9559,10306,12987,209,22,5075,0,1074,498,2.27,14367,7346,3509,10046,9162,884,9162,21,436,265,606,1137,464,327,1005,906,2475,746,474,300,76183.0,95612.0,42810.0,0.4316,8737,5924,2813,524000.0,1940.0,1665.76608602915,8876,5785,5124,661,2489,0,24,185,79,314,207,1584,1150,1779,1252,1990,600,314,41.0,19865,13445,6420,4814,1606
2870,11361,30597,17401.53,14510,16087,16364,763,179,10286,11,1873,1121,2.79,19466,9203,3631,16415,14911,1504,14911,19,894,691,782,1423,670,574,1532,1599,3324,1586,1141,676,75335.0,89064.0,32438.0,0.4212,10773,6107,4666,574200.0,1616.0,1527.4967852550399,14569,8869,7478,1391,4623,0,18,438,180,441,616,1805,2384,3090,2614,2643,976,441,39.0,30597,18358,12239,7449,4790
2871,11362,17865,7098.135,8626,9239,9627,569,19,7159,5,271,215,2.51,12404,7201,2956,9643,8931,712,8931,0,253,414,440,864,193,190,1369,998,2181,887,666,476,82332.0,94915.0,38441.0,0.4141,7035,5531,1504,538000.0,1579.0,1608.97606382979,8581,5988,5170,818,1843,0,0,319,53,378,453,1398,1244,1563,1318,1431,796,378,39.0,17865,10599,7266,4919,2347
2872,11363,7354,8466.752,3828,3526,4190,62,0,2517,0,441,144,2.81,4721,2702,1033,4042,3696,346,3696,0,127,161,157,560,141,104,341,618,919,160,214,194,90799.0,123731.0,44661.0,0.4641,2618,1788,830,714200.0,1622.0,1596.1445783132501,3671,2421,2051,370,973,0,0,107,17,153,138,639,601,673,644,725,98,153,36.0,7354,4798,2556,1644,912
2873,11364,34751,14092.03,16762,17989,15421,594,47,16910,73,883,823,2.6,22904,11360,4600,17677,16371,1306,16371,0,760,687,591,1908,1122,321,2003,1919,4221,1243,912,684,72909.0,86026.0,33820.0,0.4183,13343,9923,3420,510800.0,1500.0,1407.5146198830403,15819,10187,8253,1934,4537,0,14,417,64,600,714,2353,2186,2589,2457,3172,1748,600,43.0,34751,18828,15923,11696,4227
2874,11365,41924,16792.05,19458,22466,15768,2381,29,18907,42,3506,1291,2.72,25613,10528,4211,20291,18190,2101,18190,0,1342,567,936,2117,1114,692,1814,1735,4208,1695,1338,632,55492.0,71147.0,26786.0,0.452,15385,7211,8174,580300.0,1347.0,1340.59212136041,17529,10133,7941,2192,6544,0,39,409,40,364,529,2782,2204,2430,3177,4245,1798,364,44.0,41924,21578,20346,12326,8020
2875,11366,13499,12332.25,6591,6908,6726,910,9,4988,0,316,550,3.06,8008,4148,1589,6686,5910,776,5910,17,254,283,155,624,269,115,851,622,1596,534,340,250,71350.0,90717.0,30027.0,0.442,4346,3054,1292,610100.0,1494.0,1377.39938080495,5759,2999,2534,465,2391,0,0,253,8,108,184,876,702,763,975,1536,615,108,45.0,13499,7254,6245,4591,1654
2876,11367,41022,17241.82,19884,21138,23192,3858,211,9280,0,2983,1498,2.78,23006,11210,4668,19211,17298,1913,17298,91,718,713,658,1397,906,446,1926,2219,5121,1289,958,856,56608.0,73125.0,26475.0,0.4525,14505,6760,7745,376400.0,1179.0,1139.3931568753999,16864,7901,6623,1278,7532,12,0,875,80,464,814,2214,2177,2601,3873,3698,1023,464,40.0,41022,25068,15954,11231,4723
2877,11368,107962,41019.85,58332,49630,49195,12890,1322,12249,230,29171,2905,3.79,41664,8195,2211,56836,52646,4190,52646,45,7768,2768,1481,5815,3692,454,2245,3519,7487,11099,5264,1009,45964.0,57070.0,16191.0,0.4149,28318,5679,22639,480900.0,1392.0,1364.4639780909101,51056,10930,8108,2822,33848,0,777,4399,130,972,1563,4959,6963,10108,10534,11550,4407,972,43.0,107962,40001,67961,20430,47531
2878,11369,40761,38179.77,20863,19898,9803,6809,73,4733,0,17652,1691,3.5,19785,4426,1455,21241,19150,2091,19150,0,2056,796,344,2239,1716,457,1030,1988,3555,2688,1770,511,53617.0,66369.0,20000.0,0.4191,11396,5449,5947,464500.0,1342.0,1324.7856061879902,18804,6025,4560,1465,10554,11,106,1480,166,462,663,2538,3011,3011,3404,4305,1410,462,41.0,40761,17817,22944,10276,12668
2879,11370,37244,26181.29,22374,14870,13392,5925,272,8291,0,7971,1393,3.22,17378,4915,1781,14267,12235,2032,12235,23,753,691,454,1390,1177,155,881,974,2141,2216,1096,284,52500.0,68953.0,17873.0,0.442,8696,4205,4491,517100.0,1484.0,1357.71543086172,12090,4531,3972,559,6295,16,124,919,40,165,428,1621,2209,2045,2690,2597,335,165,37.0,37244,19116,18128,9450,8678
2880,11371,0,0.0,0,0,0,0,0,0,0,0,0,,0,0,0,0,0,0,0,0,0,0,0,0,0,0,0,0,0,0,0,0,,,,,0,0,0,,,,0,0,0,0,0,0,0,0,0,0,0,0,0,0,0,0,0,0,,0,0,0,0,0
2881,11372,63320,85863.12,31734,31586,38957,1400,144,11892,35,8911,1981,2.6,34876,13530,4664,35975,33026,2949,33026,62,2367,1934,1039,3159,2555,805,2414,3724,6034,5688,2107,1138,48683.0,62316.0,24955.0,0.4419,24220,7696,16524,265500.0,1246.0,1252.88065843621,32333,5489,4381,1108,23428,0,331,2402,29,654,852,3057,3870,7387,10314,5291,908,654,39.0,63320,23775,39545,17182,22363
2882,11373,99159,64919.09,50558,48601,39477,1963,235,48399,0,6984,2101,3.13,49130,18064,5034,51471,48212,3259,48212,71,3823,2914,1682,6068,3470,716,3138,5151,7496,8954,3765,964,47667.0,62530.0,21084.0,0.4523,31651,8866,22785,499600.0,1342.0,1331.65679174896,47342,8113,6039,2074,34734,47,152,3272,251,773,991,4079,4543,9570,17352,8009,2025,773,42.0,99159,29735,69424,29560,39864
2883,11374,42297,45269.32,20358,21939,27472,1217,80,10642,0,1701,1185,2.22,29587,15828,5947,23249,21069,2180,21069,0,589,811,679,2141,1431,790,2447,2771,5781,1499,1264,866,52532.0,74468.0,34268.0,0.4752,19056,6902,12154,297300.0,1303.0,1314.01184795129,20820,6378,5275,1103,11884,0,29,1789,89,651,515,2371,2590,3896,5897,4115,785,651,40.0,42297,18961,23336,15879,7457
2884,11375,69757,35224.04,32444,37313,45420,2003,176,17295,64,3063,1736,2.15,49933,30243,14128,37841,35254,2587,35254,0,964,1775,1046,2827,1453,1311,5306,6100,8846,2211,1686,1729,72000.0,94344.0,44278.0,0.457,32079,16053,16026,358300.0,1499.0,1489.99750405591,34536,9164,7290,1874,21367,0,77,2246,163,1519,1044,2858,3674,5563,11499,7146,1233,1519,42.0,69757,37738,32019,22972,9047
2885,11377,86316,33894.45,43070,43246,40489,2622,161,31496,91,9137,2320,2.72,46560,17839,5286,47552,43873,3679,43873,37,2982,1784,1201,4966,3019,1229,3350,5044,7734,8025,3255,1247,49886.0,63138.0,24058.0,0.4176,31532,8677,22855,395800.0,1302.0,1259.5668343907198,43152,9130,7031,2099,30305,52,205,2637,97,726,839,4453,6596,11618,12279,5443,1198,726,37.0,86316,36788,49528,21985,27543
2886,11378,32268,12634.75,15626,16642,25357,525,80,3106,19,2768,413,2.54,19121,5171,1614,17117,15517,1600,15517,18,2024,772,434,1414,1087,297,1566,1650,3182,1392,929,752,57474.0,69725.0,28290.0,0.4306,12619,6641,5978,538600.0,1338.0,1301.55570424891,15316,7029,5986,1043,6985,9,106,862,52,273,709,1988,2219,2772,3576,2970,809,273,39.0,32268,19890,12378,7483,4895
2887,11379,35822,17267.68,17248,18574,30905,547,28,2992,0,1044,306,2.6,22700,8182,3044,18347,16924,1423,16924,56,1388,734,570,1629,1151,449,2111,1985,3843,1211,898,899,69843.0,83856.0,33111.0,0.4295,13648,8056,5592,543800.0,1329.0,1263.98426323319,16724,8685,7506,1179,6886,12,21,766,94,260,472,2215,2045,4689,3823,2691,529,260,37.0,35822,24227,11595,7752,3843
2888,11385,99379,27507.79,49011,50368,81293,1972,279,6834,42,7110,1849,2.87,51249,12922,4182,48749,44650,4099,44650,36,5518,2794,1090,4401,2890,1045,3627,4808,8730,5079,2960,1672,50799.0,64259.0,23272.0,0.4398,34622,9893,24729,495800.0,1247.0,1200.38820817663,43742,12784,10740,2044,26477,69,461,3000,160,791,1006,4462,3095,16641,11138,4793,1816,791,38.0,99379,59750,39629,17184,22445
2889,11411,18722,16016.78,8610,10112,608,17151,99,341,0,173,350,3.06,12233,4188,1528,10023,9383,640,9383,5,379,267,102,865,862,355,592,714,3308,355,600,979,83099.0,93660.0,32156.0,0.3558,6108,5000,1108,387900.0,1252.0,1337.18411552347,9084,5244,4571,673,3351,0,0,153,19,317,292,1339,1004,1525,1388,1530,1689,317,49.0,18722,11466,7256,5311,1945
2890,11412,37176,22579.25,16560,20616,858,32812,95,885,0,1632,894,3.36,21641,5363,1618,20966,17652,3314,17652,17,651,396,198,1775,2346,301,1227,1339,6270,992,697,1443,70672.0,80374.0,25315.0,0.3831,11034,8299,2735,385700.0,1257.0,1220.58500914077,17359,8964,8156,808,7439,0,30,307,141,478,352,1796,2080,2756,2726,4161,3010,478,50.0,37176,23940,13236,8148,5088
2891,11413,40385,13028.48,18168,22217,1258,37033,31,611,51,705,696,3.32,23375,7063,2523,21547,19668,1879,19668,15,961,610,193,1742,2407,537,1115,1393,7198,1006,892,1599,78667.0,89814.0,28502.0,0.376,12114,9078,3036,406200.0,1441.0,1361.5612648221302,18903,10546,9059,1487,7585,0,8,295,55,414,469,1948,2192,3781,2977,4458,2664,414,48.0,40385,25319,15066,10082,4984
2892,11414,28094,12216.56,12911,15183,23657,1137,56,696,0,1486,1062,2.54,17573,5325,1821,14200,12902,1298,12902,47,645,545,467,1169,1225,416,1019,1247,3674,994,713,741,66790.0,84024.0,34143.0,0.4211,11059,8136,2923,501700.0,1435.0,1373.41772151899,12640,8431,7267,1164,3689,0,1,261,76,182,1042,1785,1553,2493,2029,2557,999,182,40.0,28094,23390,4704,3421,1283
2893,11415,19145,33697.13,8974,10171,11518,1643,32,3136,18,2382,416,2.25,12666,6528,2967,11039,10191,848,10191,24,544,325,196,796,777,302,1196,1344,2892,683,582,530,63549.0,78863.0,35653.0,0.4113,8466,3029,5437,289800.0,1313.0,1305.37060879161,10048,3514,2758,756,5527,10,50,537,25,385,357,874,1317,1410,3596,1669,440,385,41.0,19145,11438,7707,5222,2485
2894,11416,25950,38983.38,12967,12983,6844,1716,15,9620,24,5831,1900,3.63,12010,3565,1144,13213,11464,1749,11464,0,663,589,204,1361,984,358,833,1016,2756,1334,851,515,56724.0,71675.0,20726.0,0.4164,7127,3101,4026,447200.0,1294.0,1295.2558370591198,11024,3852,3287,565,6093,0,31,598,4,446,402,793,836,1686,2824,2972,1065,446,47.0,25950,12038,13912,7729,6183
2895,11417,31004,27706.03,14987,16017,12408,2386,143,8761,0,5225,2081,3.27,15991,4232,1428,16032,14233,1799,14233,0,907,631,263,1824,1573,174,1045,1336,3232,1772,700,776,62086.0,76485.0,24299.0,0.4222,9483,5184,4299,442900.0,1299.0,1285.01977204001,13817,6142,5188,954,6628,0,50,514,96,387,516,1553,1830,2204,2706,3621,1000,387,43.0,31004,17251,13753,7824,5929
2896,11418,36828,22551.67,18104,18724,14172,2987,479,9157,0,7884,2149,3.3,18352,6224,2329,19091,16831,2260,16831,17,1332,783,474,2010,1311,248,1509,1844,3949,1592,1084,678,60691.0,71668.0,22641.0,0.4047,11058,4717,6341,427000.0,1295.0,1265.36823844819,16246,5672,4601,1071,8787,26,53,1077,118,513,802,1765,1669,2384,3091,4969,1053,513,45.0,36828,17683,19145,10899,8246
2897,11419,49193,43560.25,24234,24959,5849,8740,168,14872,66,15590,3908,3.93,23956,5829,1401,25483,22871,2612,22871,18,1993,1146,666,3656,2921,290,1410,2106,4761,2010,1106,788,56735.0,70531.0,19296.0,0.4188,12507,7117,5390,442900.0,1330.0,1328.21892393321,22630,8948,7281,1667,11862,36,30,1175,194,385,431,2544,2461,4203,4329,5726,2551,385,46.0,49193,17204,31989,17638,14351
2898,11420,48449,23315.15,23009,25440,8051,13688,551,8950,137,13940,3132,3.59,24821,5958,1538,25527,22593,2934,22593,23,1363,1340,583,2792,2881,346,1980,2148,5823,1014,1469,831,59832.0,77628.0,22841.0,0.4237,13485,9397,4088,421200.0,1346.0,1330.03913894325,21872,11123,8856,2267,9775,8,19,404,137,406,666,2799,2422,3834,4116,5076,2553,406,45.0,48449,23209,25240,16093,9147
2899,11421,42588,33063.45,20985,21603,19059,2796,288,7096,0,11443,1906,3.49,20964,5836,1777,22632,19965,2667,19965,43,1476,865,574,1997,1750,325,1718,1948,4647,2505,1434,683,60897.0,76732.0,23016.0,0.4264,12188,6488,5700,414700.0,1336.0,1269.94736842105,19382,6859,5633,1226,10942,0,0,962,71,548,397,1348,1787,4188,4499,5112,1503,548,45.0,42588,23790,18798,9921,8877
2900,11422,33280,16906.17,14712,18568,2491,28626,27,1005,0,573,558,3.31,19213,6442,1978,18487,17109,1378,17109,23,632,366,230,1888,1915,398,1329,1454,6255,725,618,1276,84824.0,93330.0,29440.0,0.3581,10041,6759,3282,413800.0,1603.0,1540.79829372334,16494,9729,8446,1283,5899,0,0,281,143,442,442,2199,2283,2523,3007,2660,2938,442,48.0,33280,19803,13477,9312,4165
2901,11423,31625,22414.69,14939,16686,5094,12952,423,7733,90,3214,2119,3.13,17048,5704,1951,17068,14929,2139,14929,0,943,569,296,1603,1439,345,1484,1132,4669,984,853,612,60892.0,81032.0,26690.0,0.4482,9948,6086,3862,422200.0,1196.0,1226.10046607975,14348,6997,5877,1120,6669,6,29,405,45,197,582,1624,2286,2109,2630,3076,1844,197,45.0,31625,15154,16471,10589,5882
2904,11426,19575,14510.45,9524,10051,9424,571,45,7416,0,1478,641,3.26,12165,5096,1992,10403,9468,935,9468,0,516,370,299,1183,1087,115,912,986,2598,526,427,449,82301.0,99849.0,31501.0,0.4051,5950,4630,1320,460500.0,1303.0,1298.33333333333,9259,6768,6047,721,2181,0,0,132,12,166,576,2017,1254,1541,1246,1276,1183,166,39.0,19575,11892,7683,5044,2639
2905,11427,24877,15781.92,11691,13186,6775,6124,61,8765,0,2010,1142,3.05,14968,6041,1845,13071,12054,1017,12054,36,460,750,355,1774,1035,383,952,1009,3454,689,541,616,70108.0,85445.0,28716.0,0.4086,7960,4955,3005,458400.0,1252.0,1251.0149750416,11688,7164,5969,1195,3999,0,11,283,12,219,359,1735,1757,2151,1868,2205,1394,219,43.0,24877,12837,12040,8411,3629
2906,11428,20307,24389.29,9877,10430,4389,4583,58,5971,92,3356,1858,3.56,11359,3342,927,11347,10235,1112,10235,6,489,691,284,1238,998,200,856,966,2901,645,523,438,69330.0,81238.0,24002.0,0.3798,5699,3837,1862,407700.0,1339.0,1260.47261009667,9940,5521,4579,942,3748,28,4,374,68,197,395,1259,1598,1770,1368,2018,1335,197,45.0,20307,8382,11925,7540,4385
2907,11429,28311,21759.68,13544,14767,1791,23104,38,885,0,994,1499,3.69,16238,3871,1287,15527,13164,2363,13164,22,584,381,249,1438,1330,305,747,1323,4466,831,655,833,68890.0,83890.0,24113.0,0.4043,7635,5096,2539,384700.0,1338.0,1261.24458448208,12633,6718,5726,992,5186,3,20,250,51,405,328,991,1730,2744,2192,2362,1881,405,47.0,28311,15626,12685,8136,4549
2908,11430,140,19.66911,120,20,18,92,0,0,0,24,6,,90,12,6,92,58,34,58,0,6,0,0,12,12,0,6,0,10,6,0,6,,,8092.0,,0,0,0,,,,58,0,0,0,48,0,0,10,0,0,10,0,24,12,0,0,12,0,,140,111,29,18,11
2909,11432,61687,28703.23,29649,32038,14033,10136,318,23405,0,10383,3412,3.09,31335,14042,5480,31353,27245,4108,27245,34,1381,1567,665,3911,2019,531,1927,2384,6820,3438,1486,1082,50450.0,67975.0,21897.0,0.4586,18653,7344,11309,519000.0,1276.0,1241.93120523477,26688,8289,6881,1408,15210,0,5,2162,292,730,1315,2997,2289,3958,6036,7483,1880,730,44.0,61687,26962,34725,18958,15767
2910,11433,32821,21148.12,14485,18336,1346,23957,388,2102,26,4246,756,3.22,15012,3248,1100,16337,13346,2991,13346,0,599,544,125,1834,1365,345,609,1048,4645,928,652,652,42887.0,58033.0,19142.0,0.4766,10160,4377,5783,379700.0,1001.0,1020.83693584645,12775,5319,4475,844,6506,0,0,720,59,171,278,1611,1180,2380,2493,3492,1170,171,45.0,32821,21601,11220,6410,4810
2911,11434,62809,19392.67,27959,34850,1895,54994,64,646,11,4070,1129,3.03,35132,8680,3000,32697,28113,4584,28113,0,1014,813,386,2945,3676,662,1975,2289,9298,1640,1298,2117,59229.0,70617.0,24121.0,0.3968,20120,9822,10298,371900.0,1103.0,1136.91979025053,26608,13031,11627,1404,11839,0,0,868,82,788,856,3042,3235,4263,4551,5658,4215,788,48.0,62809,43305,19504,12260,7244
2912,11435,53542,35350.96,26654,26888,12597,12728,173,10600,0,14126,3318,2.87,28342,10399,3645,29519,25410,4109,25410,261,1861,1110,745,2584,1971,611,1901,2890,6377,2358,1693,1048,53041.0,64739.0,23252.0,0.418,18287,6640,11647,338100.0,1274.0,1251.42096677256,25141,7749,6921,828,15654,0,67,1198,87,386,710,2353,2141,4531,5240,7909,1871,386,46.0,53542,26282,27260,14388,12872
2913,11436,17636,22385.42,8564,9072,932,13093,74,1233,0,1869,435,3.31,9491,2045,672,9338,8192,1146,8192,27,434,347,87,755,993,119,530,626,2823,565,350,536,62114.0,73273.0,23264.0,0.3795,5272,3662,1610,365500.0,1422.0,1285.4658385093198,7949,3976,3416,560,3483,0,41,292,17,140,285,1064,703,1379,1678,1546,1154,140,47.0,17636,10751,6885,3618,3267
2955,11691,61091,21558.11,28055,33036,22411,29913,130,1644,0,5404,1589,3.07,26318,7752,2881,26049,22763,3286,22763,0,1277,802,189,2145,2140,354,1583,2323,7580,1651,1605,1114,39409.0,56639.0,18796.0,0.5084,18942,4825,14117,448200.0,1012.0,968.966494297655,22271,9189,7964,1225,9888,0,309,2185,196,504,1471,3646,2491,3035,2663,4617,3844,504,47.0,61091,41540,19551,10162,9389
2956,11692,17674,17698.36,8238,9436,4594,10758,92,405,0,1283,542,2.81,8402,2136,692,7590,6500,1090,6500,0,274,313,113,449,568,116,559,418,2521,305,358,506,43354.0,60454.0,21603.0,0.4653,5974,2000,3974,355800.0,875.0,943.0045294413691,6352,2941,2620,321,2931,0,36,265,4,175,271,786,380,1051,919,1622,1148,175,51.0,17674,12676,4998,3153,1845
2957,11693,11335,11367.43,5227,6108,6357,3570,0,679,0,559,170,2.45,6211,1827,507,5137,4508,629,4508,0,326,90,63,336,557,44,337,443,1515,334,79,384,50570.0,60994.0,25149.0,0.4344,4518,1992,2526,323100.0,831.0,914.726840855107,4367,2326,2086,240,1705,0,19,220,0,97,244,401,670,687,660,896,712,97,48.0,11335,9058,2277,1586,691
2958,11694,21725,15908.26,10672,11053,18505,1565,8,539,0,799,309,2.49,13812,5903,2787,10210,9312,898,9312,10,842,296,217,552,466,258,876,940,2864,699,473,819,76944.0,93633.0,36601.0,0.4426,8190,4570,3620,623200.0,1161.0,1191.51933701657,8991,5583,4799,784,2517,20,154,413,39,265,607,1207,1031,1544,1469,1639,1229,265,44.0,21725,18161,3564,1946,1618
2959,11697,4223,1902.4189999999999,2105,2118,4175,4,0,0,0,0,44,2.48,2915,1362,595,1707,1606,101,1606,0,51,10,16,83,64,43,264,165,529,124,46,211,87636.0,100542.0,41282.0,0.3923,1701,1649,52,525600.0,908.0,742.3076923076919,1496,1082,973,109,278,0,8,78,26,24,65,297,164,226,238,299,183,24,43.0,4223,4154,69,60,9
